"Type","cause","Year","Total Deaths"
Bencana Non Alam dan Penyakit,AIDS,2005,592
Bencana Non Alam dan Penyakit,AIDS,2005,509
Bencana Non Alam dan Penyakit,AIDS,2006,539
Bencana Non Alam dan Penyakit,AIDS,2006,539
Bencana Non Alam dan Penyakit,AIDS,2006,539
Bencana Non Alam dan Penyakit,AIDS,2006,539
Bencana Non Alam dan Penyakit,AIDS,2006,539
Bencana Non Alam dan Penyakit,AIDS,2006,635
Bencana Non Alam dan Penyakit,AIDS,2007,498
Bencana Non Alam dan Penyakit,AIDS,2007,498
Bencana Non Alam dan Penyakit,AIDS,2007,498
Bencana Non Alam dan Penyakit,AIDS,2007,498
Bencana Non Alam dan Penyakit,AIDS,2007,788
Bencana Non Alam dan Penyakit,AIDS,2008,993
Bencana Non Alam dan Penyakit,AIDS,2009,484
Bencana Non Alam dan Penyakit,AIDS,2009,484
Bencana Non Alam dan Penyakit,AIDS,2009,331
Bencana Non Alam dan Penyakit,AIDS,2010,693
Bencana Non Alam dan Penyakit,AIDS,2010,979
Bencana Non Alam dan Penyakit,AIDS,2011,597
Bencana Non Alam dan Penyakit,AIDS,2019,614
Bencana Non Alam dan Penyakit,AIDS,2020,665
Bencana Sosial,Aksi Teror dan Sabotase,2015,0
Bencana Sosial,Aksi Teror dan Sabotase,2016,13
Bencana Sosial,Aksi Teror dan Sabotase,2017,0
Bencana Sosial,Aksi Teror dan Sabotase,2018,18
Bencana Sosial,Aksi Teror dan Sabotase,2019,3
Bencana Sosial,Aksi Teror dan Sabotase,2020,4
Bencana Sosial,Aksi Teror dan Sabotase,2021,4
Bencana Alam,Angin kencang,2008,3
Bencana Alam,Angin Puting Beliung,2008,13
Bencana Non Alam dan Penyakit,AIDS,2008,993
Bencana Non Alam dan Penyakit,AIDS,2008,993
Bencana Non Alam dan Penyakit,AIDS,2008,711
Bencana Alam,Angin Puting Beliung,2015,37
Bencana Alam,Angin Puting Beliung,2016,20
Bencana Alam,Angin Puting Beliung,2017,0
Bencana Alam,Angin Puting Beliung,2018,10
Bencana Alam,Angin Puting Beliung,2019,4
Bencana Alam,Angin Puting Beliung,2020,12
Bencana Alam,Angin Puting Beliung,2021,4
Bencana Alam,Angin siklon tropis (angin kencang dan angin puting beliung),2009,4
Bencana Alam,Angin Topan / Angin Puting Beliung / Angin Puyuh,2006,9
Bencana Alam,Angin Topan / Angin Puting Beliung / Angin Puyuh,2007,10
Bencana Non Alam dan Penyakit,Antraks,2001,2
Bencana Non Alam dan Penyakit,Antraks,2002,8
Bencana Non Alam dan Penyakit,Antraks,2002,8
Bencana Non Alam dan Penyakit,Antraks,2003,2
Bencana Non Alam dan Penyakit,Antraks,2003,2
Bencana Non Alam dan Penyakit,Antraks,2004,8
Bencana Non Alam dan Penyakit,Antraks,2004,8
Bencana Non Alam dan Penyakit,Antraks,2005,1
Bencana Non Alam dan Penyakit,Antraks,2005,1
Bencana Non Alam dan Penyakit,Antraks,2006,1
Bencana Non Alam dan Penyakit,Antraks,2006,1
Bencana Non Alam dan Penyakit,Antraks,2006,1
Bencana Non Alam dan Penyakit,Antraks,2007,5
Bencana Non Alam dan Penyakit,Antraks,2007,5
Bencana Non Alam dan Penyakit,Antraks,2007,5
Bencana Non Alam dan Penyakit,Antraks,2000,0
Bencana Non Alam dan Penyakit,Antraks,2008,0
Bencana Non Alam dan Penyakit,Antraks,2008,0
Bencana Non Alam dan Penyakit,Antraks,2008,0
Bencana Non Alam dan Penyakit,Antraks,2008,0
Bencana Non Alam dan Penyakit,Antraks,2008,0
Bencana Non Alam dan Penyakit,Antraks,2009,2
Bencana Non Alam dan Penyakit,Antraks,2009,2
Bencana Non Alam dan Penyakit,Antraks,2009,2
Bencana Non Alam dan Penyakit,Antraks,2009,2
Bencana Non Alam dan Penyakit,Antraks,2009,2
Bencana Alam,Gempa Bumi,2021,121
Bencana Non Alam dan Penyakit,Antraks,2009,2
Bencana Non Alam dan Penyakit,Antraks,2009,2
Bencana Non Alam dan Penyakit,Antraks,2010,1
Bencana Non Alam dan Penyakit,Antraks,2010,1
Bencana Non Alam dan Penyakit,Antraks,2010,1
Bencana Non Alam dan Penyakit,Antraks,2010,1
Bencana Non Alam dan Penyakit,Antraks,2010,1
Bencana Non Alam dan Penyakit,Antraks,2010,1
Bencana Non Alam dan Penyakit,Antraks,2010,1
Bencana Non Alam dan Penyakit,Antraks,2011,0
Bencana Non Alam dan Penyakit,Antraks,2011,0
Bencana Non Alam dan Penyakit,Antraks,2011,1
Bencana Non Alam dan Penyakit,Antraks,2011,1
Bencana Non Alam dan Penyakit,Antraks,2011,1
Bencana Non Alam dan Penyakit,Antraks,2011,0
Bencana Non Alam dan Penyakit,Antraks,2011,0
Bencana Non Alam dan Penyakit,Antraks,2011,0
Bencana Non Alam dan Penyakit,Antraks,2011,0
Bencana Non Alam dan Penyakit,Antraks,2012,0
Bencana Non Alam dan Penyakit,Antraks,2012,0
Bencana Non Alam dan Penyakit,Antraks,2012,0
Bencana Non Alam dan Penyakit,Antraks,2012,0
Bencana Non Alam dan Penyakit,Antraks,2012,0
Bencana Non Alam dan Penyakit,Antraks,2012,0
Bencana Non Alam dan Penyakit,Antraks,2012,0
Bencana Non Alam dan Penyakit,Antraks,2012,0
Bencana Non Alam dan Penyakit,Antraks,2013,1
Bencana Non Alam dan Penyakit,Antraks,2013,1
Bencana Non Alam dan Penyakit,Antraks,2013,1
Bencana Non Alam dan Penyakit,Antraks,2013,1
Bencana Non Alam dan Penyakit,Antraks,2013,1
Bencana Non Alam dan Penyakit,Antraks,2013,1
Bencana Non Alam dan Penyakit,Antraks,2013,1
Bencana Non Alam dan Penyakit,Antraks,2014,0
Bencana Non Alam dan Penyakit,Antraks,2014,3
Bencana Non Alam dan Penyakit,Antraks,2014,3
Bencana Non Alam dan Penyakit,Antraks,2014,3
Bencana Non Alam dan Penyakit,Antraks,2014,3
Bencana Non Alam dan Penyakit,Antraks,2015,0
Bencana Non Alam dan Penyakit,Antraks,2015,0
Bencana Non Alam dan Penyakit,Antraks,2015,0
Bencana Non Alam dan Penyakit,Antraks,2015,0
Bencana Non Alam dan Penyakit,Antraks,2016,0
Bencana Non Alam dan Penyakit,Antraks,2016,0
Bencana Non Alam dan Penyakit,Antraks,2016,0
Bencana Non Alam dan Penyakit,Antraks,2017,1
Bencana Non Alam dan Penyakit,Antraks,2017,1
Bencana Non Alam dan Penyakit,Antraks,2018,0
Bencana Non Alam dan Penyakit,Avian Influenza (Flu Burung),2003,0
Bencana Non Alam dan Penyakit,Avian Influenza (Flu Burung),2003,0
Bencana Non Alam dan Penyakit,Avian Influenza (Flu Burung),2004,0
Bencana Non Alam dan Penyakit,Avian Influenza (Flu Burung),2004,0
Bencana Non Alam dan Penyakit,Avian Influenza (Flu Burung),2005,13
Bencana Non Alam dan Penyakit,Avian Influenza (Flu Burung),2005,13
Bencana Non Alam dan Penyakit,Avian Influenza (Flu Burung),2005,13
Bencana Non Alam dan Penyakit,Avian Influenza (Flu Burung),2005,13
Bencana Non Alam dan Penyakit,Avian Influenza (Flu Burung),2005,13
Bencana Non Alam dan Penyakit,Avian Influenza (Flu Burung),2005,13
Bencana Non Alam dan Penyakit,Avian Influenza (Flu Burung),2005,13
Bencana Non Alam dan Penyakit,Avian Influenza (Flu Burung),2005,13
Bencana Non Alam dan Penyakit,Avian Influenza (Flu Burung),2005,13
Bencana Non Alam dan Penyakit,Avian Influenza (Flu Burung),2005,13
Bencana Non Alam dan Penyakit,Avian Influenza (Flu Burung),2005,13
Bencana Non Alam dan Penyakit,Avian Influenza (Flu Burung),2005,13
Bencana Non Alam dan Penyakit,Avian Influenza (Flu Burung),2006,45
Bencana Non Alam dan Penyakit,Avian Influenza (Flu Burung),2006,45
Bencana Non Alam dan Penyakit,Avian Influenza (Flu Burung),2006,45
Bencana Non Alam dan Penyakit,Avian Influenza (Flu Burung),2006,45
Bencana Non Alam dan Penyakit,Avian Influenza (Flu Burung),2006,45
Bencana Non Alam dan Penyakit,Avian Influenza (Flu Burung),2006,45
Bencana Non Alam dan Penyakit,Avian Influenza (Flu Burung),2006,45
Bencana Non Alam dan Penyakit,Avian Influenza (Flu Burung),2006,45
Bencana Non Alam dan Penyakit,Avian Influenza (Flu Burung),2006,45
Bencana Non Alam dan Penyakit,Avian Influenza (Flu Burung),2006,45
Bencana Non Alam dan Penyakit,Avian Influenza (Flu Burung),2006,45
Bencana Non Alam dan Penyakit,Avian Influenza (Flu Burung),2006,45
Bencana Non Alam dan Penyakit,Avian Influenza (Flu Burung),2007,37
Bencana Non Alam dan Penyakit,Avian Influenza (Flu Burung),2007,37
Bencana Non Alam dan Penyakit,Avian Influenza (Flu Burung),2007,37
Bencana Non Alam dan Penyakit,Avian Influenza (Flu Burung),2007,37
Bencana Non Alam dan Penyakit,Avian Influenza (Flu Burung),2007,37
Bencana Non Alam dan Penyakit,Avian Influenza (Flu Burung),2007,37
Bencana Non Alam dan Penyakit,Avian Influenza (Flu Burung),2007,37
Bencana Non Alam dan Penyakit,Avian Influenza (Flu Burung),2007,37
Bencana Non Alam dan Penyakit,Avian Influenza (Flu Burung),2007,37
Bencana Non Alam dan Penyakit,Avian Influenza (Flu Burung),2007,37
Bencana Non Alam dan Penyakit,Avian Influenza (Flu Burung),2007,37
Bencana Non Alam dan Penyakit,Avian Influenza (Flu Burung),2008,20
Bencana Non Alam dan Penyakit,Avian Influenza (Flu Burung),2008,20
Bencana Non Alam dan Penyakit,Avian Influenza (Flu Burung),2008,20
Bencana Non Alam dan Penyakit,Avian Influenza (Flu Burung),2008,20
Bencana Non Alam dan Penyakit,Avian Influenza (Flu Burung),2008,20
Bencana Non Alam dan Penyakit,Avian Influenza (Flu Burung),2008,20
Bencana Non Alam dan Penyakit,Avian Influenza (Flu Burung),2008,20
Bencana Non Alam dan Penyakit,Avian Influenza (Flu Burung),2008,20
Bencana Non Alam dan Penyakit,Avian Influenza (Flu Burung),2008,20
Bencana Non Alam dan Penyakit,Avian Influenza (Flu Burung),2008,20
Bencana Non Alam dan Penyakit,Avian Influenza (Flu Burung),2009,19
Bencana Non Alam dan Penyakit,Avian Influenza (Flu Burung),2009,19
Bencana Non Alam dan Penyakit,Avian Influenza (Flu Burung),2009,19
Bencana Non Alam dan Penyakit,Avian Influenza (Flu Burung),2009,19
Bencana Non Alam dan Penyakit,Avian Influenza (Flu Burung),2009,19
Bencana Non Alam dan Penyakit,Avian Influenza (Flu Burung),2009,19
Bencana Non Alam dan Penyakit,Avian Influenza (Flu Burung),2009,7
Bencana Non Alam dan Penyakit,Avian Influenza (Flu Burung),2009,19
Bencana Non Alam dan Penyakit,Avian Influenza (Flu Burung),2009,19
Bencana Non Alam dan Penyakit,Avian Influenza (Flu Burung),2010,7
Bencana Non Alam dan Penyakit,Avian Influenza (Flu Burung),2010,7
Bencana Non Alam dan Penyakit,Avian Influenza (Flu Burung),2010,7
Bencana Non Alam dan Penyakit,Avian Influenza (Flu Burung),2010,7
Bencana Non Alam dan Penyakit,Avian Influenza (Flu Burung),2010,7
Bencana Non Alam dan Penyakit,Avian Influenza (Flu Burung),2010,10
Bencana Non Alam dan Penyakit,Avian Influenza (Flu Burung),2010,7
Bencana Non Alam dan Penyakit,Avian Influenza (Flu Burung),2010,7
Bencana Non Alam dan Penyakit,Avian Influenza (Flu Burung),2011,10
Bencana Non Alam dan Penyakit,Avian Influenza (Flu Burung),2011,10
Bencana Non Alam dan Penyakit,Avian Influenza (Flu Burung),2011,10
Bencana Non Alam dan Penyakit,Avian Influenza (Flu Burung),2011,10
Bencana Non Alam dan Penyakit,Avian Influenza (Flu Burung),2011,9
Bencana Non Alam dan Penyakit,Avian Influenza (Flu Burung),2011,10
Bencana Non Alam dan Penyakit,Avian Influenza (Flu Burung),2011,10
Bencana Non Alam dan Penyakit,Avian Influenza (Flu Burung),2012,9
Bencana Non Alam dan Penyakit,Avian Influenza (Flu Burung),2012,9
Bencana Non Alam dan Penyakit,Avian Influenza (Flu Burung),2012,9
Bencana Non Alam dan Penyakit,Avian Influenza (Flu Burung),2012,9
Bencana Non Alam dan Penyakit,Avian Influenza (Flu Burung),2012,3
Bencana Non Alam dan Penyakit,Avian Influenza (Flu Burung),2012,9
Bencana Non Alam dan Penyakit,Avian Influenza (Flu Burung),2012,9
Bencana Non Alam dan Penyakit,Avian Influenza (Flu Burung),2013,3
Bencana Non Alam dan Penyakit,Avian Influenza (Flu Burung),2013,3
Bencana Non Alam dan Penyakit,Avian Influenza (Flu Burung),2013,3
Bencana Non Alam dan Penyakit,Avian Influenza (Flu Burung),2013,3
Bencana Non Alam dan Penyakit,Avian Influenza (Flu Burung),2013,3
Bencana Non Alam dan Penyakit,Avian Influenza (Flu Burung),2013,3
Bencana Non Alam dan Penyakit,Avian Influenza (Flu Burung),2014,2
Bencana Non Alam dan Penyakit,Avian Influenza (Flu Burung),2014,2
Bencana Non Alam dan Penyakit,Avian Influenza (Flu Burung),2014,2
Bencana Non Alam dan Penyakit,Avian Influenza (Flu Burung),2014,2
Bencana Non Alam dan Penyakit,Avian Influenza (Flu Burung),2014,2
Bencana Non Alam dan Penyakit,Avian Influenza (Flu Burung),2015,2
Bencana Non Alam dan Penyakit,Avian Influenza (Flu Burung),2015,2
Bencana Non Alam dan Penyakit,Avian Influenza (Flu Burung),2015,2
Bencana Non Alam dan Penyakit,Avian Influenza (Flu Burung),2015,2
Bencana Non Alam dan Penyakit,Avian Influenza (Flu Burung),2016,0
Bencana Non Alam dan Penyakit,Avian Influenza (Flu Burung),2016,0
Bencana Non Alam dan Penyakit,Avian Influenza (Flu Burung),2016,0
Bencana Non Alam dan Penyakit,Avian Influenza (Flu Burung),2017,1
Bencana Non Alam dan Penyakit,Avian Influenza (Flu Burung),2017,1
Bencana Non Alam dan Penyakit,Avian Influenza (Flu Burung),2018,0
Bencana Alam,Banjir,2005,2
Bencana Alam,Banjir,2006,108
Bencana Alam,Banjir,2007,140
Bencana Alam,Banjir,2008,58
Bencana Alam,Banjir,2009,30
Bencana Alam,Banjir,2010,33
Bencana Alam,Banjir,2011,14
Bencana Alam,Banjir,2012,9
Bencana Alam,Banjir,2015,35
Bencana Alam,Banjir,2016,42
Bencana Alam,Banjir,2017,6
Bencana Alam,Banjir,2018,26
Bencana Alam,Banjir,2019,43
Bencana Alam,Banjir,2020,88
Bencana Alam,Banjir,2021,124
Bencana Alam,Banjir Bandang,2005,0
Bencana Alam,Banjir Bandang,2006,251
Bencana Alam,Banjir Bandang,2007,0
Bencana Alam,Banjir Bandang,2008,42
Bencana Alam,Banjir Bandang,2009,127
Bencana Alam,Banjir Bandang,2010,215
Bencana Alam,Banjir Bandang,2011,55
Bencana Alam,Banjir Bandang,2012,38
Bencana Alam,Banjir Bandang,2015,20
Bencana Alam,Banjir Bandang,2016,81
Bencana Alam,Banjir Bandang,2017,23
Bencana Alam,Banjir Bandang,2019,109
Bencana Alam,Banjir Bandang,2020,49
Bencana Alam,Banjir Bandang,2021,120
Bencana Alam,Banjir Bandang dan Angin Siklon Tropis,2012,0
Bencana Alam,Banjir dan Tanah Longsor,2011,3
Bencana Alam,Banjir dan Tanah Longsor,2012,20
Bencana Alam,Banjir dan Tanah Longsor,2015,2
Bencana Alam,Banjir dan Tanah Longsor,2016,11
Bencana Alam,Banjir dan Tanah Longsor,2017,49
Bencana Alam,Banjir dan Tanah Longsor,2018,43
Bencana Alam,Banjir dan Tanah Longsor,2019,98
Bencana Alam,Banjir dan Tanah Longsor,2020,67
Bencana Alam,Banjir dan Tanah Longsor,2021,106
Bencana Alam,Banjir Lahar Dingin,2009,0
Bencana Alam,Banjir Lahar Dingin,2011,6
Bencana Alam,Banjir Lahar Dingin,2012,6
Bencana Non Alam dan Penyakit,Batuk Rejan,2004,4
Bencana Non Alam dan Penyakit,Batuk Rejan,2006,1
Bencana Sosial,Bencana kelaparan,2006,1
Bencana Non Alam dan Penyakit,Campak,2006,9
Bencana Non Alam dan Penyakit,Campak,2008,1
Bencana Non Alam dan Penyakit,Campak,2010,7
Bencana Non Alam dan Penyakit,Campak,2011,9
Bencana Alam,Banjir Bandang dan Tanah Longsor,2007,2
Bencana Alam,Banjir Bandang dan Tanah Longsor,2012,0
Bencana Alam,Banjir dan Tanah Longsor,2007,265
Bencana Non Alam dan Penyakit,Campak,2012,4
Bencana Non Alam dan Penyakit,Campak,2013,2
Bencana Non Alam dan Penyakit,Campak,2014,8
Bencana Non Alam dan Penyakit,Campak,2015,1
Bencana Non Alam dan Penyakit,Campak,2017,1
Bencana Non Alam dan Penyakit,Campak,2018,0
Bencana Non Alam dan Penyakit,Cedera intrakranial,2004,2554
Bencana Non Alam dan Penyakit,Cedera intrakranial,2005,3021
Bencana Non Alam dan Penyakit,Cedera intrakranial,2006,2519
Bencana Non Alam dan Penyakit,Cedera intrakranial,2006,2519
Bencana Non Alam dan Penyakit,Cedera intrakranial,2010,1025
Bencana Non Alam dan Penyakit,Cedera intrakranial,2010,1025
Bencana Non Alam dan Penyakit,Cedera lahir,2004,23
Bencana Non Alam dan Penyakit,Cedera lahir,2005,51
Bencana Non Alam dan Penyakit,Cedera lahir,2006,57
Bencana Non Alam dan Penyakit,Cedera YDT lainnya YTT dan daerah badan Multipel,2010,605
Bencana Non Alam dan Penyakit,Cedera YDT lainnya YTT dan daerah badan Multipel,2010,605
Bencana Non Alam dan Penyakit,"Cedera, Keracunan, dan Akibat Sebab Luar Tertentu Lainnya",2005,5331
Bencana Non Alam dan Penyakit,"Cedera, Keracunan, dan Akibat Sebab Luar Tertentu Lainnya",2006,4770
Bencana Non Alam dan Penyakit,"Cedera, Keracunan, dan Akibat Sebab Luar Tertentu Lainnya",2006,4770
Bencana Non Alam dan Penyakit,"Cedera, Keracunan, dan Akibat Sebab Luar Tertentu Lainnya",2007,5945
Bencana Non Alam dan Penyakit,"Cedera, Keracunan, dan Akibat Sebab Luar Tertentu Lainnya",2008,5767
Bencana Non Alam dan Penyakit,"Cedera, Keracunan, dan Akibat Sebab Luar Tertentu Lainnya",2008,5767
Bencana Non Alam dan Penyakit,Cikungunya,2006,0
Bencana Non Alam dan Penyakit,COVID-19,2020,22138
Bencana Non Alam dan Penyakit,COVID-19,2021,121956
Bencana Non Alam dan Penyakit,COVID-19,2022,12876
Bencana Non Alam dan Penyakit,Demam Berdarah Dengue (DBD),2006,68
Bencana Non Alam dan Penyakit,Demam Berdarah Dengue (DBD),2006,2223
Bencana Non Alam dan Penyakit,Demam Berdarah Dengue (DBD),2006,2223
Bencana Non Alam dan Penyakit,Demam Berdarah Dengue (DBD),2006,1196
Bencana Non Alam dan Penyakit,Demam Berdarah Dengue (DBD),2007,1599
Bencana Non Alam dan Penyakit,Demam Berdarah Dengue (DBD),2007,1599
Bencana Non Alam dan Penyakit,Demam Berdarah Dengue (DBD),2007,1599
Bencana Non Alam dan Penyakit,Demam Berdarah Dengue (DBD),2008,1187
Bencana Non Alam dan Penyakit,Diare,2004,53
Bencana Non Alam dan Penyakit,Demam Berdarah Dengue (DBD),2008,1187
Bencana Non Alam dan Penyakit,Demam Berdarah Dengue (DBD),2009,898
Bencana Non Alam dan Penyakit,Demam Berdarah Dengue (DBD),2009,1420
Bencana Non Alam dan Penyakit,Demam Berdarah Dengue (DBD),2009,1420
Bencana Non Alam dan Penyakit,Demam Berdarah Dengue (DBD),2010,325
Bencana Non Alam dan Penyakit,Demam Berdarah Dengue (DBD),2010,1358
Bencana Non Alam dan Penyakit,Demam Berdarah Dengue (DBD),2010,325
Bencana Non Alam dan Penyakit,Demam Berdarah Dengue (DBD),2011,597
Bencana Non Alam dan Penyakit,Demam Berdarah Dengue (DBD),2012,816
Bencana Non Alam dan Penyakit,Demam Berdarah Dengue (DBD),2013,871
Bencana Non Alam dan Penyakit,Demam Berdarah Dengue (DBD),2014,907
Bencana Non Alam dan Penyakit,Demam Berdarah Dengue (DBD),2015,1071
Bencana Non Alam dan Penyakit,Demam Berdarah Dengue (DBD),2016,1598
Bencana Non Alam dan Penyakit,Demam Berdarah Dengue (DBD),2017,493
Bencana Non Alam dan Penyakit,Demam Berdarah Dengue (DBD),2018,467
Bencana Non Alam dan Penyakit,Demam Berdarah Dengue (DBD),2019,919
Bencana Non Alam dan Penyakit,Demam Berdarah Dengue (DBD),2020,747
Bencana Non Alam dan Penyakit,Demam Berdarah Dengue (DBD),2021,705
Bencana Non Alam dan Penyakit,Demam Berdarah Dengue (DBD),2021,705
Bencana Non Alam dan Penyakit,Demam Tifoid dan Paratifoid,2004,2619
Bencana Non Alam dan Penyakit,Demam Tifoid dan Paratifoid,2009,1013
Bencana Non Alam dan Penyakit,Demam Tifoid dan Paratifoid,2010,274
Bencana Non Alam dan Penyakit,Demam Tifoid dan Paratifoid,2010,274
Bencana Non Alam dan Penyakit,Demam yang Sebabnya Tidak Diketahui,2009,462
Bencana Non Alam dan Penyakit,Diabetes melitus YTT,2005,2086
Bencana Non Alam dan Penyakit,Diabetes melitus YTT,2006,2384
Bencana Non Alam dan Penyakit,Diabetes melitus YTT,2006,2384
Bencana Non Alam dan Penyakit,Diare,2002,94
Bencana Non Alam dan Penyakit,Diare,2003,128
Bencana Non Alam dan Penyakit,Diare,2006,49
Bencana Non Alam dan Penyakit,Diare,2006,277
Bencana Non Alam dan Penyakit,Diare & gastroenteritis Oleh penyebab infeksi tertentu (kolitis infeksi),2004,3941
Bencana Non Alam dan Penyakit,Diare & gastroenteritis Oleh penyebab infeksi tertentu (kolitis infeksi),2006,2716
Bencana Non Alam dan Penyakit,Diare & gastroenteritis Oleh penyebab infeksi tertentu (kolitis infeksi),2006,2716
Bencana Non Alam dan Penyakit,Diare & gastroenteritis Oleh penyebab infeksi tertentu (kolitis infeksi),2009,1747
Bencana Non Alam dan Penyakit,Diare & gastroenteritis Oleh penyebab infeksi tertentu (kolitis infeksi),2010,1289
Bencana Non Alam dan Penyakit,Diare & gastroenteritis Oleh penyebab infeksi tertentu (kolitis infeksi),2010,1289
Bencana Non Alam dan Penyakit,Difteri,2005,1
Bencana Non Alam dan Penyakit,Difteri,2006,1
Bencana Non Alam dan Penyakit,Difteri,2007,11
Bencana Non Alam dan Penyakit,Difteri,2010,24
Bencana Non Alam dan Penyakit,Difteri,2011,38
Bencana Non Alam dan Penyakit,Difteri,2012,76
Bencana Non Alam dan Penyakit,Difteri,2013,39
Bencana Non Alam dan Penyakit,Difteri,2014,16
Bencana Non Alam dan Penyakit,Difteri,2015,5
Bencana Non Alam dan Penyakit,Difteri,2016,24
Bencana Non Alam dan Penyakit,Difteri,2017,44
Bencana Non Alam dan Penyakit,Difteri,2018,29
Bencana Non Alam dan Penyakit,Difteri,2019,23
Bencana Non Alam dan Penyakit,Difteri,2020,13
Bencana Non Alam dan Penyakit,Difteri,2021,25
Bencana Non Alam dan Penyakit,Difteri,2021,25
Bencana Non Alam dan Penyakit,Dispepsia,2009,520
Bencana Non Alam dan Penyakit,Dispepsia,2010,166
Bencana Non Alam dan Penyakit,Dispepsia,2010,166
Bencana Non Alam dan Penyakit,Eklamsia dan preeklamsia,2004,145
Bencana Non Alam dan Penyakit,Eklamsia dan preeklamsia,2005,197
Bencana Non Alam dan Penyakit,Eklamsia dan preeklamsia,2006,166
Bencana Alam,Erupsi Gunung Api,2012,0
Bencana Non Alam dan Penyakit,Faktor yg Mempengaruhi Keadaan Kesehatan & yg Berhubungan dengan Pelayanan Kesehatan,2005,796
Bencana Non Alam dan Penyakit,Faktor yg Mempengaruhi Keadaan Kesehatan & yg Berhubungan dengan Pelayanan Kesehatan,2006,925
Bencana Non Alam dan Penyakit,Faktor yg Mempengaruhi Keadaan Kesehatan & yg Berhubungan dengan Pelayanan Kesehatan,2006,925
Bencana Non Alam dan Penyakit,Faktor yg Mempengaruhi Keadaan Kesehatan & yg Berhubungan dengan Pelayanan Kesehatan,2008,1627
Bencana Non Alam dan Penyakit,Gagal ginjal lainnya,2005,3047
Bencana Non Alam dan Penyakit,Gagal ginjal lainnya,2006,2521
Bencana Non Alam dan Penyakit,Gagal ginjal lainnya,2006,2521
Bencana Non Alam dan Penyakit,Gagal Teknologi,2015,23
Bencana Non Alam dan Penyakit,Gagal Teknologi,2016,20
Bencana Non Alam dan Penyakit,Gagal Teknologi,2017,0
Bencana Non Alam dan Penyakit,Gagal Teknologi,2018,5
Bencana Non Alam dan Penyakit,Gagal Teknologi,2019,1
Bencana Non Alam dan Penyakit,Gagal Teknologi,2020,1
Bencana Non Alam dan Penyakit,Gangguan Mental & Perilaku,2005,164
Bencana Non Alam dan Penyakit,Gangguan Mental & Perilaku,2006,227
Bencana Non Alam dan Penyakit,Gagal Teknologi,2021,7
Bencana Non Alam dan Penyakit,Gangguan Mental & Perilaku,2006,227
Bencana Non Alam dan Penyakit,Gangguan Mental & Perilaku,2008,204
Bencana Non Alam dan Penyakit,Gangguan saluran napas lainnya yang berhubungan dengan masa perinatal,2004,548
Bencana Non Alam dan Penyakit,Gangguan saluran napas lainnya yang berhubungan dengan masa perinatal,2005,724
Bencana Non Alam dan Penyakit,Gangguan saluran napas lainnya yang berhubungan dengan masa perinatal,2006,662
Bencana Non Alam dan Penyakit,Gastritis dan Duodenitis,2009,235
Bencana Non Alam dan Penyakit,"Gejala, Tanda & Penemuan Laboratorium, Klinik Abnormal YTK",2005,3264
Bencana Non Alam dan Penyakit,"Gejala, Tanda & Penemuan Laboratorium, Klinik Abnormal YTK",2006,3296
Bencana Non Alam dan Penyakit,"Gejala, Tanda & Penemuan Laboratorium, Klinik Abnormal YTK",2006,3296
Bencana Non Alam dan Penyakit,"Gejala, Tanda & Penemuan Laboratorium, Klinik Abnormal YTK",2007,3967
Bencana Non Alam dan Penyakit,"Gejala, Tanda & Penemuan Laboratorium, Klinik Abnormal YTK",2008,4238
Bencana Non Alam dan Penyakit,"Gejala, Tanda & Penemuan Laboratorium, Klinik Abnormal YTK",2008,4238
Bencana Alam,Gelombang Besar dan Angin Siklon Tropis,2012,1
Bencana Alam,Gelombang Pasang,2008,5
Bencana Alam,Gelombang Pasang,2009,0
Bencana Alam,Gelombang Pasang,2010,0
Bencana Alam,Gelombang Pasang,2011,0
Bencana Alam,Gelombang Pasang/Badai,2016,4
Bencana Alam,Gelombang Pasang/Badai,2017,0
Bencana Alam,Gelombang Pasang/Badai,2018,0
Bencana Alam,Gelombang Pasang/Badai,2019,0
Bencana Alam,Gelombang Pasang/Badai,2020,0
Bencana Alam,Gelombang Pasang/Badai,2021,7
Bencana Alam,Gempa Bumi,2005,1801
Bencana Alam,Gempa Bumi,2006,6469
Bencana Alam,Gempa Bumi,2007,99
Bencana Alam,Gempa Bumi,2008,14
Bencana Alam,Gelombang Besar,2012,3
Bencana Alam,Gempa Bumi,2009,1209
Bencana Alam,Gempa Bumi,2010,7
Bencana Alam,Gempa Bumi,2011,1
Bencana Alam,Gempa Bumi,2012,13
Bencana Alam,Gempa Bumi,2015,2
Bencana Alam,Gempa Bumi,2016,107
Bencana Alam,Gempa Bumi,2017,4
Bencana Alam,Gempa Bumi,2018,573
Bencana Alam,Gempa Bumi,2019,64
Bencana Alam,Gempa Bumi,2020,0
Bencana Alam,Gempa Bumi dan Tsunami,2016,0
Bencana Alam,Gempa Bumi dan Tsunami,2017,0
Bencana Alam,Gempa Bumi dan Tsunami,2018,2615
Bencana Alam,Gempa Bumi dan Tsunami,2019,0
Bencana Alam,Gempa Bumi dan Tsunami,2020,0
Bencana Alam,Gempa Bumi dan Tsunami,2021,0
Bencana Non Alam dan Penyakit,Gizi Buruk,2005,293
Bencana Non Alam dan Penyakit,Hepatitis A,2018,0
Bencana Non Alam dan Penyakit,Hepatitis B,2005,5
Bencana Non Alam dan Penyakit,Hepatitis B,2006,7
Bencana Non Alam dan Penyakit,Hepatitis Klinis,2004,7
Bencana Non Alam dan Penyakit,Hepatitis Klinis,2005,8
Bencana Non Alam dan Penyakit,Hepatitis Klinis,2006,5
Bencana Non Alam dan Penyakit,Hipertensi Esensial (Primer),2009,935
Bencana Non Alam dan Penyakit,Hipertensi Esensial (Primer),2010,955
Bencana Non Alam dan Penyakit,Hipertensi Esensial (Primer),2010,955
Bencana Non Alam dan Penyakit,Hipoksia intrauterus dan asfiksia lahir,2004,1297
Bencana Non Alam dan Penyakit,Hipoksia intrauterus dan asfiksia lahir,2005,1876
Bencana Non Alam dan Penyakit,Hipoksia intrauterus dan asfiksia lahir,2006,1792
Bencana Non Alam dan Penyakit,Infeksi khusus lainnya pada masa perinatal,2004,137
Bencana Non Alam dan Penyakit,Infeksi khusus lainnya pada masa perinatal,2005,138
Bencana Non Alam dan Penyakit,Infeksi khusus lainnya pada masa perinatal,2006,117
Bencana Non Alam dan Penyakit,Infeksi Saluran Napas Bagian Atas Akut Lainnya,2004,5532
Bencana Non Alam dan Penyakit,Infeksi Saluran Napas Bagian Atas Akut Lainnya,2009,162
Bencana Non Alam dan Penyakit,Infeksi Saluran Napas Bagian Atas Akut Lainnya,2010,589
Bencana Non Alam dan Penyakit,Infeksi Saluran Napas Bagian Atas Akut Lainnya,2010,589
Bencana Non Alam dan Penyakit,Janin dan bayi baru lahir yang dipengaruhi oleh faktor dan penyulit kehamilan persalinan dan kelahiran,2004,362
Bencana Non Alam dan Penyakit,Janin dan bayi baru lahir yang dipengaruhi oleh faktor dan penyulit kehamilan persalinan dan kelahiran,2005,461
Bencana Non Alam dan Penyakit,Janin dan bayi baru lahir yang dipengaruhi oleh faktor dan penyulit kehamilan persalinan dan kelahiran,2006,548
Bencana Non Alam dan Penyakit,Kebakaran,2005,0
Bencana Non Alam dan Penyakit,Kebakaran,2009,2
Bencana Non Alam dan Penyakit,Kebakaran,2010,29
Bencana Non Alam dan Penyakit,Kebakaran,2012,88
Bencana Non Alam dan Penyakit,Kebakaran,2015,62
Bencana Non Alam dan Penyakit,Kebakaran,2016,42
Bencana Non Alam dan Penyakit,Kebakaran,2017,1
Bencana Non Alam dan Penyakit,Kebakaran,2018,15
Bencana Non Alam dan Penyakit,Kebakaran,2019,3
Bencana Non Alam dan Penyakit,Kebakaran,2020,6
Bencana Non Alam dan Penyakit,Kebakaran,2021,42
Bencana Non Alam dan Penyakit,Kebakaran (Pemukiman),2011,6
Bencana Alam,Kebakaran Hutan dan Lahan,2015,22
Bencana Alam,Kebakaran Hutan dan Lahan,2016,0
Bencana Alam,Kebakaran Hutan dan Lahan,2017,0
Bencana Alam,Kebakaran Hutan dan Lahan,2019,0
Bencana Non Alam dan Penyakit,Kebakaran Hutan dan Lahan,2020,0
Bencana Non Alam dan Penyakit,Kebakaran Hutan dan Lahan,2021,0
Bencana Non Alam dan Penyakit,Kecelakaan Industri,2008,11
Bencana Non Alam dan Penyakit,Kecelakaan Industri,2009,33
Bencana Non Alam dan Penyakit,Kecelakaan Industri,2010,8
Bencana Non Alam dan Penyakit,Kecelakaan Industri,2011,0
Bencana Non Alam dan Penyakit,Kecelakaan Industri,2015,0
Bencana Non Alam dan Penyakit,Kecelakaan Industri,2016,1
Bencana Non Alam dan Penyakit,Kecelakaan Industri,2017,0
Bencana Non Alam dan Penyakit,Kecelakaan Industri,2018,22
Bencana Non Alam dan Penyakit,Kecelakaan Industri,2019,0
Bencana Non Alam dan Penyakit,Kecelakaan Industri,2020,0
Bencana Non Alam dan Penyakit,Kecelakaan Industri,2021,1
Bencana Non Alam dan Penyakit,Kecelakaan kerja,2006,1784
Bencana Non Alam dan Penyakit,Kecelakaan kerja,2007,1883
Bencana Non Alam dan Penyakit,Kecelakaan Lalu Lintas,2004,11204
Bencana Non Alam dan Penyakit,KLB,2007,10
Bencana Non Alam dan Penyakit,Kecelakaan Lalu Lintas,2005,0
Bencana Non Alam dan Penyakit,Kecelakaan Lalu Lintas,2009,18448
Bencana Non Alam dan Penyakit,Kecelakaan Lalu Lintas,2010,29952
Bencana Non Alam dan Penyakit,Kecelakaan Transportasi,2006,129
Bencana Non Alam dan Penyakit,Kecelakaan Transportasi,2007,65
Bencana Non Alam dan Penyakit,Kecelakaan Transportasi,2011,324
Bencana Non Alam dan Penyakit,Kecelakaan Transportasi,2012,314
Bencana Non Alam dan Penyakit,Kecelakaan Transportasi,2015,475
Bencana Non Alam dan Penyakit,Kecelakaan Transportasi,2016,252
Bencana Non Alam dan Penyakit,Kecelakaan Transportasi,2017,14
Bencana Non Alam dan Penyakit,Kecelakaan Transportasi,2018,246
Bencana Non Alam dan Penyakit,Kecelakaan Transportasi Darat,2019,69
Bencana Non Alam dan Penyakit,Kecelakaan Transportasi Darat,2020,8
Bencana Non Alam dan Penyakit,Kecelakaan Transportasi Darat,2021,35
Bencana Non Alam dan Penyakit,Kecelakaan Transportasi Laut-Udara,2019,34
Bencana Non Alam dan Penyakit,Kecelakaan Transportasi Laut-Udara,2020,0
Bencana Non Alam dan Penyakit,Kecelakaan Transportasi Laut-Udara,2021,134
Bencana Non Alam dan Penyakit,Kegagalan Teknologi,2008,3
Bencana Non Alam dan Penyakit,Kegagalan Teknologi,2009,6
Bencana Non Alam dan Penyakit,Kegagalan Teknologi,2011,25
Bencana Non Alam dan Penyakit,Kegagalan Teknologi,2012,4
Bencana Non Alam dan Penyakit,Kegagalan Teknologi (termasuk ledakan kompor gas),2010,5
Bencana Non Alam dan Penyakit,Kehamilan yang berakhir abortus,2004,499
Bencana Non Alam dan Penyakit,Kehamilan yang berakhir abortus,2005,95
Bencana Non Alam dan Penyakit,Kehamilan yang berakhir abortus,2006,205
Bencana Non Alam dan Penyakit,"Kehamilan, Persalinan & Masa Nifas",2005,857
Bencana Non Alam dan Penyakit,"Kehamilan, Persalinan & Masa Nifas",2006,1318
Bencana Non Alam dan Penyakit,"Kehamilan, Persalinan & Masa Nifas",2006,1318
Bencana Non Alam dan Penyakit,"Kehamilan, Persalinan & Masa Nifas",2008,1807
Bencana Non Alam dan Penyakit,KLB Keracunan,2015,7
Bencana Non Alam dan Penyakit,KLB Keracunan,2016,34
Bencana Non Alam dan Penyakit,KLB Keracunan,2017,12
Bencana Non Alam dan Penyakit,KLB Keracunan,2018,45
Bencana Non Alam dan Penyakit,KLB Keracunan,2019,10
Bencana Non Alam dan Penyakit,KLB Keracunan,2020,2
Bencana Non Alam dan Penyakit,KLB Keracunan,2021,6
Bencana Non Alam dan Penyakit,KLB Penyakit,2015,66
Bencana Non Alam dan Penyakit,KLB Penyakit,2016,0
Bencana Non Alam dan Penyakit,KLB Penyakit,2017,2
Bencana Non Alam dan Penyakit,KLB Penyakit,2018,82
Bencana Non Alam dan Penyakit,KLB Penyakit,2019,8
Bencana Non Alam dan Penyakit,KLB Penyakit,2020,30
Bencana Non Alam dan Penyakit,KLB Penyakit,2021,0
Bencana Alam,Kekeringan,2015,0
Bencana Alam,Kekeringan,2016,0
Bencana Alam,Kekeringan,2017,0
Bencana Alam,Kekeringan,2019,0
Bencana Alam,Kekeringan,2020,0
Bencana Alam,Kekeringan,2021,0
Bencana Non Alam dan Penyakit,Keracunan,2010,4
Bencana Non Alam dan Penyakit,Keracunan Makanan,2001,23
Bencana Non Alam dan Penyakit,Keracunan Makanan,2002,27
Bencana Non Alam dan Penyakit,Keracunan Makanan,2003,6
Bencana Non Alam dan Penyakit,Keracunan Makanan,2004,22
Bencana Non Alam dan Penyakit,Keracunan Makanan,2005,0
Bencana Non Alam dan Penyakit,Keracunan Makanan,2006,0
Bencana Non Alam dan Penyakit,Keracunan Makanan,2006,21
Bencana Non Alam dan Penyakit,KLB Keracunan,2012,22
Bencana Non Alam dan Penyakit,KLB,2008,58
Bencana Non Alam dan Penyakit,KLB Antraks,2005,1
Bencana Non Alam dan Penyakit,KLB Cacat Air,2004,0
Bencana Non Alam dan Penyakit,KLB Campak,2004,44
Bencana Non Alam dan Penyakit,KLB Campak,2005,7
Bencana Non Alam dan Penyakit,KLB Campak,2009,42
Bencana Non Alam dan Penyakit,KLB Campak,2010,6
Bencana Non Alam dan Penyakit,KLB Campak,2011,10
Bencana Non Alam dan Penyakit,KLB Campak,2012,4
Bencana Non Alam dan Penyakit,KLB Campak,2013,1
Bencana Non Alam dan Penyakit,KLB Campak,2014,21
Bencana Non Alam dan Penyakit,KLB Campak,2015,0
Bencana Non Alam dan Penyakit,KLB Campak,2016,4
Bencana Non Alam dan Penyakit,KLB Campak,2017,14
Bencana Non Alam dan Penyakit,KLB Campak,2018,0
Bencana Non Alam dan Penyakit,KLB Campak,2019,0
Bencana Non Alam dan Penyakit,KLB Campak,2020,0
Bencana Non Alam dan Penyakit,KLB Campak,2021,0
Bencana Non Alam dan Penyakit,KLB Cikungunya,2004,0
Bencana Non Alam dan Penyakit,KLB Cikungunya,2005,0
Bencana Non Alam dan Penyakit,KLB Demam Berdarah,2005,0
Bencana Non Alam dan Penyakit,KLB Demam Berdarah,2005,91
Bencana Non Alam dan Penyakit,KLB Demam Berdarah,2015,144
Bencana Non Alam dan Penyakit,KLB Demam Berdarah,2004,87
Bencana Non Alam dan Penyakit,KLB Dengue Shock Syndrome,2004,7
Bencana Non Alam dan Penyakit,KLB Diare,2000,109
Bencana Non Alam dan Penyakit,KLB Diare,2000,109
Bencana Non Alam dan Penyakit,KLB Diare,2001,100
Bencana Non Alam dan Penyakit,KLB Diare,2001,100
Bencana Non Alam dan Penyakit,KLB Diare,2002,94
Bencana Non Alam dan Penyakit,KLB Diare,2002,94
Bencana Non Alam dan Penyakit,KLB Diare,2003,128
Bencana Non Alam dan Penyakit,KLB Diare,2003,128
Bencana Non Alam dan Penyakit,KLB Diare,2004,29
Bencana Non Alam dan Penyakit,KLB Diare,2004,23
Bencana Non Alam dan Penyakit,KLB Diare,2004,53
Bencana Non Alam dan Penyakit,KLB Diare,2004,53
Bencana Non Alam dan Penyakit,KLB Diare,2005,93
Bencana Non Alam dan Penyakit,KLB Diare,2005,127
Bencana Non Alam dan Penyakit,KLB Diare,2005,93
Bencana Non Alam dan Penyakit,KLB Diare,2005,127
Bencana Non Alam dan Penyakit,KLB Diare,2005,127
Bencana Non Alam dan Penyakit,KLB Diare,2005,127
Bencana Non Alam dan Penyakit,KLB Diare,2006,157
Bencana Non Alam dan Penyakit,KLB Diare,2006,277
Bencana Non Alam dan Penyakit,KLB Diare,2006,291
Bencana Non Alam dan Penyakit,KLB Diare,2006,277
Bencana Non Alam dan Penyakit,KLB Diare,2006,291
Bencana Non Alam dan Penyakit,KLB Diare,2007,46
Bencana Non Alam dan Penyakit,KLB Diare,2007,69
Bencana Non Alam dan Penyakit,KLB Diare,2007,46
Bencana Non Alam dan Penyakit,KLB Diare,2007,72
Bencana Non Alam dan Penyakit,KLB Diare,2008,209
Bencana Non Alam dan Penyakit,KLB Diare,2008,209
Bencana Non Alam dan Penyakit,KLB Diare,2008,239
Bencana Non Alam dan Penyakit,KLB Diare,2008,239
Bencana Non Alam dan Penyakit,KLB Diare,2008,239
Bencana Non Alam dan Penyakit,KLB Diare,2009,100
Bencana Non Alam dan Penyakit,KLB Diare,2009,100
Bencana Non Alam dan Penyakit,KLB Diare,2009,100
Bencana Non Alam dan Penyakit,Leptospirosis,2016,62
Bencana Non Alam dan Penyakit,KLB Diare,2010,73
Bencana Non Alam dan Penyakit,KLB Diare,2010,73
Bencana Non Alam dan Penyakit,KLB Diare,2010,73
Bencana Non Alam dan Penyakit,KLB Diare,2010,73
Bencana Non Alam dan Penyakit,KLB Diare,2010,73
Bencana Non Alam dan Penyakit,KLB Diare,2010,73
Bencana Non Alam dan Penyakit,KLB Diare,2011,12
Bencana Non Alam dan Penyakit,KLB Diare,2011,12
Bencana Non Alam dan Penyakit,KLB Diare,2011,12
Bencana Non Alam dan Penyakit,KLB Diare,2011,12
Bencana Non Alam dan Penyakit,KLB Diare,2011,12
Bencana Non Alam dan Penyakit,KLB Diare,2012,23
Bencana Non Alam dan Penyakit,KLB Diare,2012,34
Bencana Non Alam dan Penyakit,KLB Diare,2012,25
Bencana Non Alam dan Penyakit,KLB Diare,2012,25
Bencana Non Alam dan Penyakit,KLB Diare,2013,7
Bencana Non Alam dan Penyakit,KLB Diare,2013,7
Bencana Non Alam dan Penyakit,KLB Diare,2013,7
Bencana Non Alam dan Penyakit,KLB Diare,2014,29
Bencana Non Alam dan Penyakit,KLB Diare,2014,29
Bencana Non Alam dan Penyakit,KLB Diare,2014,29
Bencana Non Alam dan Penyakit,KLB Diare,2015,30
Bencana Non Alam dan Penyakit,KLB Diare,2015,30
Bencana Non Alam dan Penyakit,KLB Diare,2015,30
Bencana Non Alam dan Penyakit,KLB Diare,2016,6
Bencana Non Alam dan Penyakit,KLB Diare,2016,6
Bencana Non Alam dan Penyakit,KLB Diare,2017,34
Bencana Non Alam dan Penyakit,KLB Diare,2017,34
Bencana Non Alam dan Penyakit,KLB Diare,2018,36
Bencana Non Alam dan Penyakit,KLB Diare Berdarah,2005,0
Bencana Non Alam dan Penyakit,KLB Difteri,2004,10
Bencana Non Alam dan Penyakit,KLB Difteri,2005,9
Bencana Non Alam dan Penyakit,KLB Disentri,2004,0
Bencana Non Alam dan Penyakit,KLB Frambusia,2004,0
Bencana Non Alam dan Penyakit,KLB Gizi Buruk,2005,3
Bencana Non Alam dan Penyakit,"KLB Hand, Foot, Mouth Diseases",2004,0
Bencana Non Alam dan Penyakit,KLB Hepatitis,2004,2
Bencana Non Alam dan Penyakit,KLB Hepatitis Klinis,2005,0
Bencana Non Alam dan Penyakit,KLB Keracunan,2004,5
Bencana Non Alam dan Penyakit,KLB Keracunan,2004,23
Bencana Non Alam dan Penyakit,KLB Keracunan,2005,0
Bencana Non Alam dan Penyakit,KLB Keracunan,2011,4
Bencana Non Alam dan Penyakit,KLB Leptospirosis,2004,1
Bencana Non Alam dan Penyakit,KLB Malaria,2004,15
Bencana Non Alam dan Penyakit,KLB Malaria Falsiparum,2005,44
Bencana Non Alam dan Penyakit,KLB Malaria Klinis,2005,0
Bencana Non Alam dan Penyakit,KLB Marasmus,2004,0
Bencana Non Alam dan Penyakit,KLB Meningitis,2004,0
Bencana Non Alam dan Penyakit,KLB Parotitis,2004,0
Bencana Non Alam dan Penyakit,KLB Pertusis,2004,0
Bencana Non Alam dan Penyakit,KLB Polio,2005,8
Bencana Non Alam dan Penyakit,KLB Rabies,2004,13
Bencana Non Alam dan Penyakit,KLB Rabies,2005,18
Bencana Non Alam dan Penyakit,KLB Rubella,2004,0
Bencana Non Alam dan Penyakit,KLB Rubella,2005,0
Bencana Non Alam dan Penyakit,KLB Tetanus,2004,0
Bencana Non Alam dan Penyakit,KLB Tetanus Neonatal,2004,39
Bencana Non Alam dan Penyakit,KLB Thypoid,2004,0
Bencana Non Alam dan Penyakit,KLB Tifus Perut,2004,0
Bencana Non Alam dan Penyakit,KLB Typus Perut,2005,0
Bencana Non Alam dan Penyakit,Kolera,2006,0
Bencana Non Alam dan Penyakit,Kondisi lain yang bermula pada masa perinatal,2004,170
Bencana Non Alam dan Penyakit,Kondisi lain yang bermula pada masa perinatal,2005,255
Bencana Non Alam dan Penyakit,Kondisi lain yang bermula pada masa perinatal,2006,342
Bencana Non Alam dan Penyakit,Kondisi Tertentu yang bermula pada masa Perinatal,2005,9873
Bencana Non Alam dan Penyakit,Kondisi Tertentu yang bermula pada masa Perinatal,2006,9567
Bencana Non Alam dan Penyakit,Kondisi Tertentu yang bermula pada masa Perinatal,2006,9567
Bencana Non Alam dan Penyakit,Kondisi Tertentu yang bermula pada masa Perinatal,2007,9822
Bencana Non Alam dan Penyakit,Kondisi Tertentu yang bermula pada masa Perinatal,2008,9108
Bencana Non Alam dan Penyakit,Kondisi Tertentu yang bermula pada masa Perinatal,2008,9108
Bencana Non Alam dan Penyakit,Kondisi Tertentu yang bermula pada masa Perinatal,2008,9108
Bencana Sosial,Konflik,2009,16
Bencana Sosial,Konflik,2010,33
Bencana Sosial,Konflik,2011,34
Bencana Sosial,Konflik Sosial atau Kerusuhan Sosial,2008,1
Bencana Sosial,Konflik Sosial atau Kerusuhan Sosial,2012,65
Bencana Sosial,Konflik Sosial atau Kerusuhan Sosial,2015,45
Bencana Sosial,Konflik Sosial atau Kerusuhan Sosial,2016,13
Bencana Sosial,Konflik Sosial atau Kerusuhan Sosial,2017,0
Bencana Sosial,Konflik Sosial atau Kerusuhan Sosial,2018,7
Bencana Sosial,Konflik Sosial atau Kerusuhan Sosial,2019,4
Bencana Sosial,Konflik Sosial atau Kerusuhan Sosial,2020,0
Bencana Sosial,Konflik Sosial atau Kerusuhan Sosial,2021,0
Bencana Non Alam dan Penyakit,Kronis Filariasis,2019,425
Bencana Non Alam dan Penyakit,Kronis Filariasis,2020,891
Bencana Non Alam dan Penyakit,Kronis Filariasis,2021,617
Bencana Non Alam dan Penyakit,"Ledakan (bom, tabung gas, dll)",2009,9
Bencana Non Alam dan Penyakit,Ledakan Akibat Gas,2012,8
Bencana Non Alam dan Penyakit,Ledakan Bom,2008,2
Bencana Non Alam dan Penyakit,Ledakan Bom,2010,0
Bencana Non Alam dan Penyakit,Ledakan Bom,2012,0
Bencana Non Alam dan Penyakit,Ledakan Granat/Bom,2005,45
Bencana Non Alam dan Penyakit,Ledakan Granat/Bom,2006,14
Bencana Non Alam dan Penyakit,Ledakan Granat/Bom,2007,4
Bencana Non Alam dan Penyakit,Leptospirosis,2002,21
Bencana Non Alam dan Penyakit,Leptospirosis,2003,10
Bencana Non Alam dan Penyakit,Leptospirosis,2003,10
Bencana Non Alam dan Penyakit,Leptospirosis,2004,25
Bencana Non Alam dan Penyakit,Leptospirosis,2004,25
Bencana Non Alam dan Penyakit,Leptospirosis,2004,25
Bencana Non Alam dan Penyakit,Leptospirosis,2005,16
Bencana Non Alam dan Penyakit,Leptospirosis,2005,16
Bencana Non Alam dan Penyakit,Leptospirosis,2005,16
Bencana Non Alam dan Penyakit,Leptospirosis,2005,14
Bencana Non Alam dan Penyakit,Leptospirosis,2006,11
Bencana Non Alam dan Penyakit,Leptospirosis,2006,11
Bencana Non Alam dan Penyakit,Leptospirosis,2006,11
Bencana Non Alam dan Penyakit,Leptospirosis,2006,14
Bencana Non Alam dan Penyakit,Leptospirosis,2007,34
Bencana Non Alam dan Penyakit,Leptospirosis,2007,57
Bencana Non Alam dan Penyakit,Leptospirosis,2007,55
Bencana Non Alam dan Penyakit,Leptospirosis,2008,16
Bencana Non Alam dan Penyakit,Leptospirosis,2008,16
Bencana Non Alam dan Penyakit,Leptospirosis,2008,22
Bencana Non Alam dan Penyakit,Leptospirosis,2008,22
Bencana Non Alam dan Penyakit,Leptospirosis,2009,23
Bencana Non Alam dan Penyakit,Leptospirosis,2009,23
Bencana Non Alam dan Penyakit,Leptospirosis,2009,23
Bencana Non Alam dan Penyakit,Leptospirosis,2009,23
Bencana Non Alam dan Penyakit,Leptospirosis,2009,23
Bencana Non Alam dan Penyakit,Leptospirosis,2009,23
Bencana Non Alam dan Penyakit,Leptospirosis,2010,43
Bencana Non Alam dan Penyakit,Leptospirosis,2010,43
Bencana Non Alam dan Penyakit,Leptospirosis,2010,43
Bencana Non Alam dan Penyakit,Leptospirosis,2010,43
Bencana Non Alam dan Penyakit,Leptospirosis,2010,43
Bencana Non Alam dan Penyakit,Leptospirosis,2010,43
Bencana Non Alam dan Penyakit,Leptospirosis,2011,82
Bencana Non Alam dan Penyakit,Leptospirosis,2011,82
Bencana Non Alam dan Penyakit,Leptospirosis,2011,82
Bencana Non Alam dan Penyakit,Leptospirosis,2011,82
Bencana Non Alam dan Penyakit,Leptospirosis,2011,82
Bencana Non Alam dan Penyakit,Leptospirosis,2011,82
Bencana Non Alam dan Penyakit,Leptospirosis,2012,29
Bencana Non Alam dan Penyakit,Leptospirosis,2012,29
Bencana Non Alam dan Penyakit,Leptospirosis,2012,29
Bencana Non Alam dan Penyakit,Leptospirosis,2012,29
Bencana Non Alam dan Penyakit,Leptospirosis,2012,29
Bencana Non Alam dan Penyakit,Leptospirosis,2012,29
Bencana Non Alam dan Penyakit,Leptospirosis,2013,60
Bencana Non Alam dan Penyakit,Leptospirosis,2013,60
Bencana Non Alam dan Penyakit,Leptospirosis,2013,60
Bencana Non Alam dan Penyakit,Leptospirosis,2013,60
Bencana Non Alam dan Penyakit,Leptospirosis,2013,60
Bencana Non Alam dan Penyakit,Leptospirosis,2014,61
Bencana Non Alam dan Penyakit,Leptospirosis,2015,61
Bencana Non Alam dan Penyakit,Leptospirosis,2015,65
Bencana Non Alam dan Penyakit,Leptospirosis,2016,62
Bencana Non Alam dan Penyakit,Leptospirosis,2016,61
Bencana Non Alam dan Penyakit,Leptospirosis,2017,108
Bencana Non Alam dan Penyakit,Leptospirosis,2017,108
Bencana Non Alam dan Penyakit,Leptospirosis,2017,136
Bencana Non Alam dan Penyakit,Leptospirosis,2018,148
Bencana Non Alam dan Penyakit,Leptospirosis,2018,148
Bencana Non Alam dan Penyakit,Leptospirosis,2018,150
Bencana Non Alam dan Penyakit,Leptospirosis,2019,122
Bencana Non Alam dan Penyakit,Leptospirosis,2019,122
Bencana Non Alam dan Penyakit,Leptospirosis,2020,106
Bencana Non Alam dan Penyakit,Leptospirosis,2019,122
Bencana Non Alam dan Penyakit,Leptospirosis,2020,106
Bencana Non Alam dan Penyakit,Leptospirosis,2021,84
Bencana Non Alam dan Penyakit,Malaria Klinis,2006,30
Bencana Non Alam dan Penyakit,Leptospirosis,2014,62
Bencana Non Alam dan Penyakit,Leptospirosis,2014,61
Bencana Non Alam dan Penyakit,Leptospirosis,2014,62
Bencana Non Alam dan Penyakit,Leptospirosis,2014,61
Bencana Non Alam dan Penyakit,Leptospirosis,2015,65
Bencana Non Alam dan Penyakit,Leptospirosis,2015,65
Bencana Non Alam dan Penyakit,Leptospirosis,2021,84
Bencana Non Alam dan Penyakit,"Malformasi, Deformasi Kongenital & Kelainan Kromosom",2005,599
Bencana Non Alam dan Penyakit,"Malformasi, Deformasi Kongenital & Kelainan Kromosom",2006,541
Bencana Non Alam dan Penyakit,"Malformasi, Deformasi Kongenital & Kelainan Kromosom",2006,541
Bencana Non Alam dan Penyakit,"Malformasi, Deformasi Kongenital & Kelainan Kromosom",2008,605
Bencana Non Alam dan Penyakit,Neoplasma,2005,4822
Bencana Non Alam dan Penyakit,Neoplasma,2006,3378
Bencana Non Alam dan Penyakit,Neoplasma,2006,3378
Bencana Non Alam dan Penyakit,Neoplasma,2007,4585
Bencana Non Alam dan Penyakit,Neoplasma,2008,4332
Bencana Non Alam dan Penyakit,Neoplasma,2008,4332
Bencana Non Alam dan Penyakit,Penyakit Apendiks,2009,234
Bencana Non Alam dan Penyakit,Penyakit Darah & Organ Pembuat Darah & Gangguan tertentu yang Melibatkan Mekanisme Imun,2005,225
Bencana Non Alam dan Penyakit,Penyakit Darah & Organ Pembuat Darah & Gangguan tertentu yang Melibatkan Mekanisme Imun,2006,129
Bencana Non Alam dan Penyakit,Penyakit Darah & Organ Pembuat Darah & Gangguan tertentu yang Melibatkan Mekanisme Imun,2006,129
Bencana Alam,Letusan Gunung Berapi,2010,382
Bencana Alam,Longsor Sampah,2012,1
Bencana Non Alam dan Penyakit,Malaria (termasuk semua malaria),2004,3578
Bencana Non Alam dan Penyakit,Penyakit Darah & Organ Pembuat Darah & Gangguan tertentu yang Melibatkan Mekanisme Imun,2008,1223
Bencana Non Alam dan Penyakit,"Penyakit Endokrin, Nutrisi, dan Metabolik",2005,4511
Bencana Non Alam dan Penyakit,"Penyakit Endokrin, Nutrisi, dan Metabolik",2006,5242
Bencana Non Alam dan Penyakit,"Penyakit Endokrin, Nutrisi, dan Metabolik",2006,5242
Bencana Non Alam dan Penyakit,"Penyakit Endokrin, Nutrisi, dan Metabolik",2007,5277
Bencana Non Alam dan Penyakit,"Penyakit Endokrin, Nutrisi, dan Metabolik",2008,5585
Bencana Non Alam dan Penyakit,"Penyakit Endokrin, Nutrisi, dan Metabolik",2008,5585
Bencana Non Alam dan Penyakit,Penyakit hemolitik pada janin dan bayi baru lahir,2004,17
Bencana Non Alam dan Penyakit,Penyakit hemolitik pada janin dan bayi baru lahir,2005,26
Bencana Non Alam dan Penyakit,Penyakit hemolitik pada janin dan bayi baru lahir,2006,20
Bencana Non Alam dan Penyakit,Penyakit Infeksi & Parasit Tertentu,2005,12624
Bencana Non Alam dan Penyakit,Penyakit Infeksi & Parasit Tertentu,2006,15984
Bencana Non Alam dan Penyakit,Penyakit Infeksi & Parasit Tertentu,2006,15984
Bencana Non Alam dan Penyakit,Penyakit Infeksi & Parasit Tertentu,2007,14323
Bencana Non Alam dan Penyakit,Penyakit Infeksi & Parasit Tertentu,2008,16769
Bencana Non Alam dan Penyakit,Penyakit Infeksi & Parasit Tertentu,2008,16769
Bencana Non Alam dan Penyakit,Penyakit Infeksi & Parasit Tertentu,2008,16769
Bencana Non Alam dan Penyakit,Penyakit infeksi dan parasit kongenital,2004,466
Bencana Non Alam dan Penyakit,Penyakit infeksi dan parasit kongenital,2005,516
Bencana Non Alam dan Penyakit,Penyakit infeksi dan parasit kongenital,2006,467
Bencana Non Alam dan Penyakit,Penyakit jantung lainnya,2005,2577
Bencana Non Alam dan Penyakit,Penyakit Kulit & Jaringan Subkutan,2005,201
Bencana Non Alam dan Penyakit,Penyakit Kulit & Jaringan Subkutan,2006,189
Bencana Non Alam dan Penyakit,Penyakit Kulit & Jaringan Subkutan,2006,189
Bencana Non Alam dan Penyakit,Penyakit Kulit & Jaringan Subkutan,2008,324
Bencana Non Alam dan Penyakit,Penyakit Mata dan Adneksa,2005,14
Bencana Non Alam dan Penyakit,Penyakit Mata dan Adneksa,2006,287
Bencana Non Alam dan Penyakit,Penyakit Mata dan Adneksa,2006,287
Bencana Alam,Tanah Longsor,2006,123
Bencana Non Alam dan Penyakit,Penyakit Mata dan Adneksa,2008,123
Bencana Non Alam dan Penyakit,Penyakit Sistem Cerna,2005,5787
Bencana Non Alam dan Penyakit,Penyakit Sistem Cerna,2006,5739
Bencana Non Alam dan Penyakit,Penyakit Sistem Cerna,2006,5739
Bencana Non Alam dan Penyakit,Penyakit Sistem Cerna,2007,6590
Bencana Non Alam dan Penyakit,Penyakit Sistem Cerna,2008,6825
Bencana Non Alam dan Penyakit,Penyakit Sistem Cerna,2008,6825
Bencana Non Alam dan Penyakit,Penyakit Sistem Kemih Kelamin,2005,4390
Bencana Non Alam dan Penyakit,Penyakit Sistem Kemih Kelamin,2006,3750
Bencana Non Alam dan Penyakit,Penyakit Sistem Kemih Kelamin,2006,3750
Bencana Non Alam dan Penyakit,Penyakit Sistem Kemih Kelamin,2007,4557
Bencana Non Alam dan Penyakit,Penyakit Sistem Kemih Kelamin,2008,4542
Bencana Non Alam dan Penyakit,Penyakit Sistem Kemih Kelamin,2008,4542
Bencana Non Alam dan Penyakit,Penyakit Sistem Muskuloskeletal dan Jaringan Ikat,2005,235
Bencana Non Alam dan Penyakit,Penyakit Sistem Muskuloskeletal dan Jaringan Ikat,2006,235
Bencana Non Alam dan Penyakit,Penyakit Sistem Muskuloskeletal dan Jaringan Ikat,2006,235
Bencana Non Alam dan Penyakit,Penyakit Sistem Muskuloskeletal dan Jaringan Ikat,2008,605
Bencana Non Alam dan Penyakit,Penyakit Sistem Napas,2005,6075
Bencana Non Alam dan Penyakit,Penyakit Sistem Napas,2006,6156
Bencana Non Alam dan Penyakit,Penyakit Sistem Napas,2006,6156
Bencana Non Alam dan Penyakit,Penyakit Sistem Napas,2007,7214
Bencana Non Alam dan Penyakit,Penyakit Sistem Napas,2008,8190
Bencana Non Alam dan Penyakit,Penyakit Sistem Napas,2008,8190
Bencana Non Alam dan Penyakit,Penyakit Sistem Napas,2008,8190
Bencana Non Alam dan Penyakit,Penyakit Sistem Sirkulasi Darah,2005,19944
Bencana Non Alam dan Penyakit,Penyakit Sistem Sirkulasi Darah,2006,19361
Bencana Non Alam dan Penyakit,Penyakit Sistem Sirkulasi Darah,2006,19361
Bencana Non Alam dan Penyakit,Penyakit Sistem Sirkulasi Darah,2007,21830
Bencana Non Alam dan Penyakit,Penyakit Sistem Sirkulasi Darah,2008,23163
Bencana Non Alam dan Penyakit,Penyakit Sistem Sirkulasi Darah,2008,23163
Bencana Non Alam dan Penyakit,Penyakit Sistem Sirkulasi Darah,2008,23163
Bencana Non Alam dan Penyakit,Penyakit Susunan Syaraf,2005,3089
Bencana Non Alam dan Penyakit,Penyakit Susunan Syaraf,2006,2894
Bencana Non Alam dan Penyakit,Penyakit Susunan Syaraf,2006,2894
Bencana Non Alam dan Penyakit,Penyakit Susunan Syaraf,2008,3218
Bencana Non Alam dan Penyakit,Penyakit Telinga dan Pros. Mastoideus,2005,21
Bencana Non Alam dan Penyakit,Penyakit Telinga dan Pros. Mastoideus,2006,35
Bencana Non Alam dan Penyakit,Penyakit Telinga dan Pros. Mastoideus,2006,35
Bencana Non Alam dan Penyakit,Penyakit Telinga dan Pros. Mastoideus,2008,109
Bencana Non Alam dan Penyakit,Penyulit kehamilan dan persalinan lainnya,2010,276
Bencana Non Alam dan Penyakit,Penyulit kehamilan dan persalinan lainnya,2010,276
Bencana Non Alam dan Penyakit,"Penyulit kehamilan, persalinan dan masa nifas lainnya",2004,1508
Bencana Non Alam dan Penyakit,"Penyulit kehamilan, persalinan dan masa nifas lainnya",2005,214
Bencana Non Alam dan Penyakit,"Penyulit kehamilan, persalinan dan masa nifas lainnya",2006,250
Bencana Non Alam dan Penyakit,Perdarahan antepartum,2004,11
Bencana Non Alam dan Penyakit,Perdarahan antepartum,2005,16
Bencana Non Alam dan Penyakit,Perdarahan antepartum,2006,8
Bencana Non Alam dan Penyakit,Perdarahan intrakranial,2004,2868
Bencana Non Alam dan Penyakit,Perdarahan intrakranial,2005,3572
Bencana Non Alam dan Penyakit,Perdarahan intrakranial,2006,3677
Bencana Non Alam dan Penyakit,Perdarahan intrakranial,2006,3677
Bencana Non Alam dan Penyakit,Perdarahan pasca persalinan,2004,43
Bencana Non Alam dan Penyakit,Perdarahan pasca persalinan,2005,71
Bencana Non Alam dan Penyakit,Perdarahan pasca persalinan,2006,43
Bencana Non Alam dan Penyakit,Persalinan dengan penyulit gawat janin,2004,11
Bencana Non Alam dan Penyakit,Persalinan dengan penyulit gawat janin,2005,8
Bencana Non Alam dan Penyakit,Persalinan dengan penyulit gawat janin,2006,11
Bencana Non Alam dan Penyakit,Persalinan prematur,2004,23
Bencana Non Alam dan Penyakit,Persalinan prematur,2005,31
Bencana Non Alam dan Penyakit,Persalinan prematur,2006,34
Bencana Non Alam dan Penyakit,"Pertumbuhan janin lamban, malnutrisi janin dan gangguan yang berhubungan dengan kehamilan pendek dan berat badan lahir rendah",2004,2100
Bencana Non Alam dan Penyakit,"Pertumbuhan janin lamban, malnutrisi janin dan gangguan yang berhubungan dengan kehamilan pendek dan berat badan lahir rendah",2005,2606
Bencana Non Alam dan Penyakit,Rabies - Lyssa,2012,137
Bencana Non Alam dan Penyakit,"Pertumbuhan janin lamban, malnutrisi janin dan gangguan yang berhubungan dengan kehamilan pendek dan berat badan lahir rendah",2006,2578
Bencana Non Alam dan Penyakit,"Pertumbuhan janin lamban, malnutrisi janin dan gangguan yang berhubungan dengan kehamilan pendek dan berat badan lahir rendah",2006,2578
Bencana Non Alam dan Penyakit,Plasenta previa,2004,30
Bencana Non Alam dan Penyakit,Plasenta previa,2005,40
Bencana Non Alam dan Penyakit,Plasenta previa,2006,36
Bencana Non Alam dan Penyakit,Pneumonia,2004,3103
Bencana Non Alam dan Penyakit,Pneumonia,2005,2765
Bencana Non Alam dan Penyakit,Pneumonia,2006,2459
Bencana Non Alam dan Penyakit,Pneumonia,2006,2459
Bencana Non Alam dan Penyakit,Pneumonia,2009,2365
Bencana Non Alam dan Penyakit,Pneumonia,2010,1315
Bencana Non Alam dan Penyakit,Pneumonia,2010,1315
Bencana Non Alam dan Penyakit,Rabies,2006,19
Bencana Non Alam dan Penyakit,Rabies - Lyssa,2009,195
Bencana Non Alam dan Penyakit,Rabies - Lyssa,2009,195
Bencana Non Alam dan Penyakit,Rabies - Lyssa,2009,195
Bencana Non Alam dan Penyakit,Rabies - Lyssa,2010,206
Bencana Non Alam dan Penyakit,Rabies - Lyssa,2010,206
Bencana Non Alam dan Penyakit,Rabies - Lyssa,2010,206
Bencana Non Alam dan Penyakit,Rabies - Lyssa,2010,206
Bencana Non Alam dan Penyakit,Rabies - Lyssa,2011,182
Bencana Non Alam dan Penyakit,Rabies - Lyssa,2011,182
Bencana Non Alam dan Penyakit,Rabies - Lyssa,2011,184
Bencana Non Alam dan Penyakit,Rabies - Lyssa,2011,184
Bencana Non Alam dan Penyakit,Rabies - Lyssa,2011,184
Bencana Non Alam dan Penyakit,Rabies - Lyssa,2011,184
Bencana Non Alam dan Penyakit,Rabies - Lyssa,2012,137
Bencana Non Alam dan Penyakit,Rabies - Lyssa,2012,137
Bencana Non Alam dan Penyakit,Rabies - Lyssa,2012,137
Bencana Non Alam dan Penyakit,Rabies - Lyssa,2012,137
Bencana Non Alam dan Penyakit,Rabies - Lyssa,2012,137
Bencana Non Alam dan Penyakit,Rabies - Lyssa,2013,119
Bencana Non Alam dan Penyakit,Rabies - Lyssa,2013,119
Bencana Non Alam dan Penyakit,Rabies - Lyssa,2013,119
Bencana Non Alam dan Penyakit,Rabies - Lyssa,2013,119
Bencana Non Alam dan Penyakit,Rabies - Lyssa,2013,119
Bencana Non Alam dan Penyakit,Rabies - Lyssa,2014,81
Bencana Non Alam dan Penyakit,Rabies - Lyssa,2014,81
Bencana Non Alam dan Penyakit,Rabies - Lyssa,2014,98
Bencana Non Alam dan Penyakit,Rabies - Lyssa,2014,98
Bencana Non Alam dan Penyakit,Rabies - Lyssa,2014,98
Bencana Non Alam dan Penyakit,Rabies - Lyssa,2015,98
Bencana Non Alam dan Penyakit,Rabies - Lyssa,2015,118
Bencana Non Alam dan Penyakit,Rabies - Lyssa,2015,119
Bencana Non Alam dan Penyakit,Rabies - Lyssa,2015,118
Bencana Non Alam dan Penyakit,Rabies - Lyssa,2015,118
Bencana Non Alam dan Penyakit,Rabies - Lyssa,2015,118
Bencana Non Alam dan Penyakit,Rabies - Lyssa,2015,118
Bencana Non Alam dan Penyakit,Rabies - Lyssa,2015,118
Bencana Non Alam dan Penyakit,Rabies - Lyssa,2016,86
Bencana Non Alam dan Penyakit,Rabies - Lyssa,2016,86
Bencana Non Alam dan Penyakit,Rabies - Lyssa,2016,99
Bencana Non Alam dan Penyakit,Rabies - Lyssa,2016,99
Bencana Non Alam dan Penyakit,Rabies - Lyssa,2016,99
Bencana Non Alam dan Penyakit,Rabies - Lyssa,2016,99
Bencana Non Alam dan Penyakit,Rabies - Lyssa,2017,108
Bencana Non Alam dan Penyakit,Rabies - Lyssa,2017,108
Bencana Non Alam dan Penyakit,Rabies - Lyssa,2017,111
Bencana Non Alam dan Penyakit,Rabies - Lyssa,2017,108
Bencana Non Alam dan Penyakit,Rabies - Lyssa,2018,111
Bencana Non Alam dan Penyakit,Rabies - Lyssa,2018,111
Bencana Non Alam dan Penyakit,Rabies - Lyssa,2018,111
Bencana Non Alam dan Penyakit,Rabies - Lyssa,2019,115
Bencana Non Alam dan Penyakit,Rabies - Lyssa,2020,40
Bencana Non Alam dan Penyakit,Rabies - Lyssa,2021,62
Bencana Non Alam dan Penyakit,Rabies - Lyssa,2021,62
Bencana Non Alam dan Penyakit,Rubella,2006,0
Bencana Non Alam dan Penyakit,Sebab Luar Morbiditas & Mortalitas,2005,2745
Bencana Non Alam dan Penyakit,Sebab Luar Morbiditas & Mortalitas,2006,1010
Bencana Non Alam dan Penyakit,Sebab Luar Morbiditas & Mortalitas,2006,1010
Bencana Non Alam dan Penyakit,Sebab Luar Morbiditas & Mortalitas,2008,2046
Bencana Non Alam dan Penyakit,Septisemia,2004,2369
Bencana Non Alam dan Penyakit,Septisemia,2005,3065
Bencana Non Alam dan Penyakit,Septisemia,2006,2539
Bencana Non Alam dan Penyakit,Septisemia,2006,2539
Bencana Non Alam dan Penyakit,Stroke tidak menyebut pendarahan atau infark,2004,4215
Bencana Non Alam dan Penyakit,Stroke tidak menyebut pendarahan atau infark,2005,4692
Bencana Non Alam dan Penyakit,Stroke tidak menyebut pendarahan atau infark,2006,4377
Bencana Non Alam dan Penyakit,Stroke tidak menyebut pendarahan atau infark,2006,4377
Bencana Alam,Tanah Longsor,2005,170
Bencana Alam,Tanah Longsor,2007,46
Bencana Alam,Tanah Longsor,2008,103
Bencana Alam,Tanah Longsor,2009,73
Bencana Alam,Tanah Longsor,2010,131
Bencana Alam,Tanah Longsor,2011,84
Bencana Alam,Tanah Longsor,2012,54
Bencana Alam,Tanah Longsor,2015,96
Bencana Alam,Tanah Longsor,2016,168
Bencana Alam,Tanah Longsor,2017,16
Bencana Alam,Tanah Longsor,2018,23
Bencana Alam,Tanah Longsor,2019,34
Bencana Alam,Tanah Longsor,2020,20
Bencana Alam,Tanah Longsor,2021,50
Bencana Non Alam dan Penyakit,TB Paru,2008,3271
Bencana Non Alam dan Penyakit,TB Paru BTA Positif,2009,3282
Bencana Alam,Tersambar Petir,2011,1
Bencana Alam,Tersambar Petir,2012,6
Bencana Non Alam dan Penyakit,Tetanus,2005,43
Bencana Non Alam dan Penyakit,Tetanus,2006,2
Bencana Non Alam dan Penyakit,Tetanus,2006,18
Bencana Non Alam dan Penyakit,Tetanus Neonatorium,2000,183
Bencana Non Alam dan Penyakit,Tetanus Neonatorium,2001,100
Bencana Non Alam dan Penyakit,Tetanus Neonatorium,2002,91
Bencana Non Alam dan Penyakit,Tetanus Neonatorium,2003,98
Bencana Non Alam dan Penyakit,Tetanus Neonatorium,2004,42
Bencana Non Alam dan Penyakit,Tetanus Neonatorium,2005,54
Bencana Non Alam dan Penyakit,Tetanus Neonatorium,2005,82
Bencana Non Alam dan Penyakit,Tetanus Neonatorium,2006,37
Bencana Non Alam dan Penyakit,Tetanus Neonatorium,2006,46
Bencana Non Alam dan Penyakit,Tetanus Neonatorium,2007,74
Bencana Non Alam dan Penyakit,Tetanus Neonatorium,2008,100
Bencana Non Alam dan Penyakit,Tetanus Neonatorium,2009,76
Bencana Non Alam dan Penyakit,Tetanus Neonatorium,2010,84
Bencana Non Alam dan Penyakit,Tetanus Neonatorium,2011,69
Bencana Non Alam dan Penyakit,Tetanus Neonatorium,2012,59
Bencana Non Alam dan Penyakit,Tetanus Neonatorium,2013,42
Bencana Non Alam dan Penyakit,Tetanus Neonatorium,2014,54
Bencana Non Alam dan Penyakit,Tetanus Neonatorium,2015,27
Bencana Non Alam dan Penyakit,Tetanus Neonatorium,2016,14
Bencana Non Alam dan Penyakit,Tetanus Neonatorium,2017,14
Bencana Non Alam dan Penyakit,Tetanus Neonatorium,2018,4
Bencana Non Alam dan Penyakit,Tetanus Neonatorium,2019,2
Bencana Non Alam dan Penyakit,Tetanus Neonatorium,2020,2
Bencana Non Alam dan Penyakit,Tetanus Neonatorium,2021,9
Bencana Non Alam dan Penyakit,Tetanus Neonatorium,2021,9
Bencana Alam,Tsunami,2011,2
Bencana Alam,Tsunami,2018,431
Bencana Alam,Tsunami,2019,0
Bencana Alam,Tsunami,2020,0
Bencana Alam,Tsunami,2021,0
Bencana Non Alam dan Penyakit,Tuberkulosis,2019,11993
Bencana Non Alam dan Penyakit,Tuberkulosis,2020,13174
Bencana Non Alam dan Penyakit,Tuberkulosis,2021,14148
Bencana Non Alam dan Penyakit,Tuberkulosis paru,2004,3852
Bencana Non Alam dan Penyakit,Tuberkulosis paru lainnya,2005,2024
Bencana Non Alam dan Penyakit,AIDS,2004,361
Bencana Non Alam dan Penyakit,AIDS,2005,592
Bencana Non Alam dan Penyakit,AIDS,2005,592
Bencana Non Alam dan Penyakit,AIDS,2005,592
Bencana Non Alam dan Penyakit,AIDS,2005,592
Bencana Non Alam dan Penyakit,Wabah Penyakit (Epidemi),2016,0
Bencana Non Alam dan Penyakit,Wabah Penyakit (Epidemi),2017,0
Bencana Non Alam dan Penyakit,Wabah Penyakit (Epidemi),2019,0
Bencana Non Alam dan Penyakit,Wabah Penyakit (Epidemi),2020,0
Bencana Non Alam dan Penyakit,Wabah Penyakit (Epidemi),2021,0
Bencana Alam,Angin siklon tropis (angin kencang dan angin puting beliung),2010,10
Bencana Alam,Letusan Gunung Berapi,2016,9
Bencana Alam,Letusan Gunung Berapi,2017,71
Bencana Alam,Letusan Gunung Berapi,2018,0
Bencana Alam,Letusan Gunung Berapi,2019,0
Bencana Alam,Letusan Gunung Berapi,2020,0
Bencana Alam,Letusan Gunung Berapi,2021,51
Bencana Alam,Letusan Gunung Berapi,2011,2
Bencana Alam,Tsunami Aceh,2004,129171
Bencana Alam,Abrasi Air Laut,2012,0
Bencana Non Alam dan Penyakit,AIDS,2000,47
Bencana Non Alam dan Penyakit,AIDS,2001,99
Bencana Non Alam dan Penyakit,AIDS,2002,100
Bencana Non Alam dan Penyakit,AIDS,2003,261
Bencana Non Alam dan Penyakit,AIDS,2003,261
Bencana Non Alam dan Penyakit,AIDS,2003,261
Bencana Non Alam dan Penyakit,AIDS,2003,261
Bencana Non Alam dan Penyakit,AIDS,2003,261
Bencana Non Alam dan Penyakit,AIDS,2004,361
Bencana Non Alam dan Penyakit,AIDS,2004,361
Bencana Non Alam dan Penyakit,AIDS,2004,361
Bencana Non Alam dan Penyakit,AIDS,2004,361
Bencana Non Alam dan Penyakit,AIDS,2021,688
Bencana Alam,Banjir Bandang,2018,18
Bencana Alam,Petir,2008,7
Bencana Alam,Tsunami Aceh,2004,37527
Bencana Alam,Angin siklon tropis (angin kencang dan angin puting beliung),2011,4
Bencana Alam,Angin siklon tropis (angin kencang dan angin puting beliung),2012,23
Bencana Alam,Angin Topan / Angin Puting Beliung / Angin Puyuh,2005,0
Bencana Alam,Banjir dan Tanah Longsor,2008,17
Bencana Alam,Banjir dan Tanah Longsor,2009,4
Bencana Alam,Banjir dan Tanah Longsor,2010,19
Bencana Alam,Gempa Bumi dan Tsunami,2010,509
Bencana Alam,Letusan Gunung Berapi,2008,0
Bencana Alam,Letusan Gunung Berapi,2009,0
Bencana Alam,Letusan Gunung Berapi,2015,1
